case_id,area,priority,implementation_status,execution_status,test_ref,environment,observed_result,evidence_location,notes
"CORE-001","Shared parsing and result state","P0","implemented","not_run","","","No test exercises loadedHourlyRate=null on an enabled surface. resolveSurface() in estimateAssembly.ts returns {state:""missing""} when the hourly-rate field is missing, which propagates to incompleteResult() — matches the spec by inspection, but this exact path is not exercised by any existing test.","src/domain/estimateAssembly.ts:86-88","Implementation appears correct by code inspection; no domain test constructs a surface with loadedHourlyRate omitted."
"CORE-002","Shared parsing and result state","P0","implemented","not_run","","","parseDecimalField(""-1"") without allowNegative returns {kind:""invalid"", rawText:""-1"", ...} — matches the spec's reject+retain-raw-text rule by inspection. The closest test (parse.test.ts ""negative when not allowed"") only asserts kind===""invalid"" for ""-5"" and never asserts rawText is preserved.","src/engine/parse.ts:56-64; tests/engine/parse.test.ts:60-62","rawText retention (the ""retain raw field text in UI"" half of the case) is never asserted by any test."
"CORE-003","Shared parsing and result state","P0","implemented","passed","tests/engine/parse.test.ts::CORE-parse: missing vs invalid vs valid-zero > BOUND-grammar-reject: NaN/Infinity text","vitest 5 / Node (local engine tests)","parseDecimalField(""NaN"") and parseDecimalField(""Infinity"") both assert kind===""invalid""; the same digit-only regex mismatch also rejects ""-Infinity"" (not separately asserted, identical code path).","tests/engine/parse.test.ts:69-72",""
"CORE-004","Shared parsing and result state","P0","implemented","passed","tests/engine/parse.test.ts::CORE-parse > BOUND-grammar-reject: mixed unit text (""12abc"") is invalid, not zero; BOUND-grammar-reject: currency/unit suffixes","vitest 5 / Node (local engine tests)","""12abc"", ""$12"", ""12ft"" are each explicitly asserted invalid. ""1/2"" is not separately asserted but is rejected by the identical non-digit-character regex mismatch.","tests/engine/parse.test.ts:40-49","""1/2"" is not a literal test input, but the same GRAMMAR regex path rejects it."
"CORE-005","Shared parsing and result state","P0","implemented","passed","tests/engine/parse.test.ts::CORE-parse > CORE-parse-01: blank/undefined/null are missing, never invalid or zero","vitest 5 / Node (local engine tests)","parseDecimalField("""") and parseDecimalField(""   "") both return {kind:""missing""}.","tests/engine/parse.test.ts:8-13",""
"CORE-006","Shared parsing and result state","P0","partial","not_run","","","No test asserts that a NEW estimate initializes an omitted direct-expense field to an explicit ""0"" while the same omission in an ACTUAL-review category remains null/unconfirmed. Only the actuals half is verified (ACT-01/ACT-03: confirmed=false or amount=null stays uncounted).","tests/engine/actuals.test.ts:11-25,41-51","The ""new estimate defaults to explicit zero"" half of this case has no equivalent test found anywhere in the suite."
"CORE-007","Shared parsing and result state","P0","not_run","not_run","","","No engine/domain test converts a UI percent input (e.g. ""35"") into a persisted ratio string (""0.35"") and then checks the resulting minimum price. The closest fixture (at-target) assumes targetRatio is already the string ""0.35"" and never exercises a percent-to-ratio conversion step.","tests/fixtures/acceptance-fixtures.json (at-target)","Percent-to-ratio persistence logic, if it exists in a UI component, was not located or tested."
"CORE-008","Shared parsing and result state","P0","implemented","passed","tests/engine/fixtures.test.ts::at-target (price); tests/engine/pricing.test.ts::CORE pricing: status boundaries > CORE-price-01","vitest 5 / Node (local engine tests)","evaluatePrice({cost:65, price:100, targetMarginRatio:.35}) returns profit 35.00, margin 35.0%, status exactly ""at_target"" (not above_target).","tests/fixtures/acceptance-fixtures.json (id=at-target); tests/engine/pricing.test.ts:11-14",""
"CORE-009","Shared parsing and result state","P0","implemented","passed","tests/engine/fixtures.test.ts::loss (price); tests/engine/pricing.test.ts::CORE pricing: status boundaries > CORE-price-07","vitest 5 / Node (local engine tests)","cost=100, price=85, target=.35 -> profit -15.00, margin -17.6%, status ""below_cost"" (takes precedence over below_target).","tests/fixtures/acceptance-fixtures.json (id=loss); tests/engine/pricing.test.ts:52-57",""
"CORE-010","Shared parsing and result state","P0","implemented","passed","tests/engine/fixtures.test.ts::unpriced (price); tests/engine/pricing.test.ts::CORE pricing: status boundaries > CORE-price-02","vitest 5 / Node (local engine tests)","price=null, cost=100, target=.35 -> profit null, marginRatio null, status ""unpriced""; approxPrice/minimumTargetPrice still computed (153.85) with no invented zero-percent warning.","tests/fixtures/acceptance-fixtures.json (id=unpriced); tests/engine/pricing.test.ts:16-24",""
"CORE-011","Shared parsing and result state","P0","implemented","passed","tests/engine/fixtures.test.ts::no-charge (price); tests/engine/pricing.test.ts::CORE pricing: status boundaries > CORE-price-02","vitest 5 / Node (local engine tests)","price=0 (explicit), cost=100, target=.35 -> profit -100.00 (NOT null), marginRatio null, status ""zero_price"".","tests/fixtures/acceptance-fixtures.json (id=no-charge); tests/engine/pricing.test.ts:16-24",""
"CORE-012","Shared parsing and result state","P0","implemented","not_run","","","margin(price, cost) = (price-cost)/price divides by PRICE, never by cost, so cost=0 poses no division-by-zero risk — confirmed by reading src/engine/pricing.ts. No fixture or unit test actually calls evaluatePrice/margin with cost=0.","src/engine/pricing.ts:33-36","Implementation is correct by formula inspection; add a deterministic cost=0 test to close the gap."
"CORE-013","Shared parsing and result state","P0","implemented","not_run","","","evaluatePrice's price.isZero() branch returns profit=cost.negated() (=0.00 when cost=0), marginRatio null, status ""zero_price"" — by code inspection this correctly avoids a NaN percentage. No test calls evaluatePrice with cost=0 AND price=0 together.","src/engine/pricing.ts:59-69",""
"CORE-014","Shared parsing and result state","P0","not_run","not_run","","","No test distinguishes a displayed 35.0% margin (rounded) from an underlying raw ""below_target"" status at a near-boundary cost such as 65.0001.","","Implementation likely correct (marginRatio is a full-precision Decimal; only toPercentString() rounds for display) but unverified."
"CORE-015","Shared parsing and result state","P0","not_run","not_run","","","No test distinguishes a displayed 35.0% margin from an underlying raw ""above_target"" status at a near-boundary cost such as 64.9999.","","Same gap as CORE-014, mirrored boundary side."
"CORE-016","Shared parsing and result state","P0","implemented","passed","tests/engine/fixtures.test.ts::rounding-target-boundary (price)","vitest 5 / Node (local engine tests)","cost=1, price=1.66, target=.40 -> profit 0.66, margin 39.8%, approxPrice 1.67, minimumPrice 1.67, status ""below_target"" — exact match to the case.","tests/fixtures/acceptance-fixtures.json (id=rounding-target-boundary)",""
"CORE-017","Shared parsing and result state","P0","implemented","passed","tests/engine/fixtures.test.ts::wall-service (service); tests/mutation/mutation.test.ts::MUTATION: round target price nearest instead of upward","vitest 5 / Node (local engine tests)","cost=0.794267 (wall-service fixture), target=.35 -> approxPrice (nearest-cent) 1.22 undershoots the target margin; minimumTargetPrice (ceiling-cent) 1.23 is the real, never-undershooting suggestion.","tests/fixtures/acceptance-fixtures.json (id=wall-service); tests/mutation/mutation.test.ts:30-42",""
"CORE-018","Shared parsing and result state","P0","implemented","passed","tests/engine/pricing.test.ts::CORE pricing: status boundaries > CORE-price-05","vitest 5 / Node (local engine tests)","requiredPriceRaw(1000000, .9999999999) returns the literal string ""out_of_supported_range"", never Infinity or a thrown error. Hand-verified the same threshold triggers at cost=1 too: 1/(1-.9999999999)=1e10 > MAX_REQUIRED_PRICE (1e9).","src/engine/pricing.ts:13-21; tests/engine/pricing.test.ts:34-41","The test uses cost=1,000,000, not the case's cost=1; confirmed by manual arithmetic that the same rule/threshold applies at either cost since raw scales linearly with cost."
"CORE-019","Shared parsing and result state","P0","not_run","not_run","","","No test calls requiredPriceRaw/minimumTargetPrice with targetMarginRatio=0 to confirm required price equals cost exactly and minimum cents only round up when a fractional cent exists.","","requiredPriceRaw only guards target>=1 or target<0; target=0 falls through and computes raw=cost/(1-0)=cost by formula inspection, unverified by a test."
"CORE-020","Shared parsing and result state","P0","missing","not_run","","","parseDecimalField/parseCountField type their parameter as string|null|undefined and immediately call raw.trim(). At a real JS runtime boundary (e.g. a malformed JSON import handing in an object or array instead of a string), .trim() would throw a TypeError rather than returning a structured {kind:""invalid""} result. No import/boundary guard layer (typeof check before .trim()) was found anywhere in src/.","src/engine/parse.ts:30-33,83-86","Potential crash-on-malformed-input risk identified by code inspection only; not confirmed by actually invoking it with a non-string value."
"CORE-021","Shared parsing and result state","P0","missing","not_run","","","estimateAssembly.ts builds customPriceField = parseDecimalField(opts.customPriceRaw, {allowNegative:false}), which uses the DEFAULT maxFractionDigits of 10 — so a proposed/selling total of ""12.005"" is accepted, not rejected. No distinct 2-decimal-digit cap exists anywhere for a selling total.","src/domain/estimateAssembly.ts:194","Contradicts the case's ""reject excess precision; do not silently round typed selling total"" expectation; the same gap exists in the free EstimateTemplate.tsx tax-percent/price fields."
"CORE-022","Shared parsing and result state","P0","partial","not_run","","","EstimateTemplate.tsx's unitSellingPrice also uses parseDecimalField's default 10-fraction-digit cap (not exactly 4), so ""12.005"" is accepted and computeDocumentTotals correctly rounds each line's extension separately (verified by DOC-02), but the specific ""valid within FOUR fractional digits"" ceiling is never itself enforced or tested (any value up to 10 digits is currently accepted).","src/components/tools/EstimateTemplate.tsx:53-54; tests/engine/document.test.ts:16-30","Acceptance of 12.005 and correct per-line rounding is proven; the 4-digit boundary itself is untested and effectively unenforced (10-digit cap actually applies)."
"CORE-023","Shared parsing and result state","P0","implemented","passed","tests/engine/document.test.ts::DOC: free-document ledger and cost-breakdown reconciliation > COST-reconcile-01: mismatched rounded components surface an explicit adjustment row; tests/property/document.property.test.ts::PROPERTY 16","vitest 5 / Node (local engine tests)","reconcileDisplayedComponents([0.005, 0.005], 0.01) returns displayed=[""0.01"",""0.01""], displayedTotal=""0.01"", adjustment=""-0.01"" — exact match to the case.","tests/engine/document.test.ts:46-51",""
"CORE-024","Shared parsing and result state","P0","implemented","passed","tests/engine/document.test.ts::DOC: free-document ledger... > DOC-02: tax computes on the ROUNDED subtotal...; DOC-03 (mutation guard); tests/mutation/mutation.test.ts::MUTATION: round subtotal only, not each line, in the free document","vitest 5 / Node (local engine tests)","Two document lines of 12.005 each round independently to 12.01, subtotal 24.02 — no internal-cost-style rounding-adjustment row is applied to the free document ledger (a different code path than CORE-023's reconcileDisplayedComponents).","tests/engine/document.test.ts:16-30,32-44","Test uses the 12.005 magnitude rather than the case's bare 0.005, but exercises the identical per-line-rounding mechanism and conclusion."
"CORE-025","Shared parsing and result state","P0","implemented","passed","tests/engine/fixtures.test.ts::interior-walls-brief (interior)","vitest 5 / Node (local engine tests)","Raw hours 7.506667 (rounded for display purposes only) feeds laborCost 240.21 exactly; the displayed approximate 7.51 hours value never itself re-enters the cost computation.","tests/fixtures/acceptance-fixtures.json (id=interior-walls-brief)",""
"CORE-026","Shared parsing and result state","P0","implemented","passed","tests/engine/decimal.test.ts::CORE-026: HALF_UP rounds negative ties away from zero (symmetric), not toward +Infinity","vitest 5 / Node (local engine tests)","halfUp(-0.005, 2) -> ""-0.01""; halfUp(-0.015, 2) -> ""-0.02"" — symmetric away-from-zero tie behavior confirmed.","tests/engine/decimal.test.ts:6-13",""
"CORE-027","Shared parsing and result state","P0","implemented","not_run","","","assembleProjectEstimate() is a pure function recomputed from the full revision state on every call — clearing a required field naturally removes the prior ""complete"" result on the next recompute rather than caching a stale one. No dedicated reactive-recalculation test exists (would require a React component test; IMPLEMENTATION_DECISIONS.md notes no component test infra exists in this project).","src/domain/estimateAssembly.ts:144-219","Correct by architecture (no memoized/stale state anywhere in the pure calculation path), but not verified by an actual ""clear one field, recalc"" test."
"CORE-028","Shared parsing and result state","P0","implemented","not_run","","","checkIssueGate() pushes ""Estimate is not complete..."" and sets canIssue=false whenever revision.calculationState !== ""complete"". Every existing checkIssueGate call in the test suite uses an already-complete draft (canIssue:true); no test constructs an actual incomplete draft and confirms issuance is blocked while the draft itself still saves.","src/domain/project.ts:56-65; tests/integration/draftIssuedIsolation.test.ts:123-124","Implementation matches the spec by inspection; the specific ""incomplete draft blocks issue"" branch is untested."
"CORE-029","Shared parsing and result state","P0","implemented","not_run","","","assembleProjectEstimate returns incompleteResult() when enabledSurfaces.length===0, matching the separately-tested aggregator rule (""No enabled surfaces... treated as invalid/empty, not a zero-cost complete project""). No test removes ALL surfaces from a project that still carries a previously-entered custom price string and confirms that price string is retained (not cleared) for correction.","src/domain/estimateAssembly.ts:150-151; tests/engine/estimate.test.ts:123-130","The ""no complete estimate"" half is proven at the aggregator level; the ""retain custom price entry for correction"" half is unverified."
"CORE-030","Shared parsing and result state","P0","implemented","passed","tests/engine/decimal.test.ts::CORE-030: exact decimal arithmetic has no binary-float artifact","vitest 5 / Node (local engine tests)","new PEP(""0.1"").plus(""0.2"").toString() === ""0.3"" exactly, explicitly contrasted against native JS's 0.1+0.2 !== 0.3.","tests/engine/decimal.test.ts:15-27",""
"GEO-001","Geometry and paint aggregation","P0","implemented","passed","tests/engine/geometry.test.ts::GEO: room and surface geometry > GEO-01: rectangular gross wall area; GEO-02: ceiling area","vitest 5 / Node (local engine tests)","grossWallArea(20,16,9)=648; ceilingArea(20,16)=320 — both asserted (as two separate assertions in the same describe block).","tests/engine/geometry.test.ts:19-25",""
"GEO-002","Geometry and paint aggregation","P0","implemented","passed","tests/engine/geometry.test.ts::GEO: room and surface geometry > GEO-03: quick opening area...; GEO-05: net wall area = gross - openings when deduction enabled","vitest 5 / Node (local engine tests)","quickOpeningArea(2,20,3,15)=85; netWallArea(648,85,true)={valid:true, area:563}.","tests/engine/geometry.test.ts:27-29,37-41",""
"GEO-003","Geometry and paint aggregation","P0","implemented","passed","tests/engine/geometry.test.ts::GEO: room and surface geometry > GEO-06: deduction disabled ignores opening entries entirely","vitest 5 / Node (local engine tests)","netWallArea(648,85,false)={valid:true, area:648} — opening value ignored entirely when deduction is disabled.","tests/engine/geometry.test.ts:43-47",""
"GEO-004","Geometry and paint aggregation","P0","implemented","passed","tests/engine/geometry.test.ts::GEO: room and surface geometry > GEO-04: detailed opening area sums width*height*count, and 3x6.67 != 20","vitest 5 / Node (local engine tests)","detailedOpeningArea([{widthFt:3,heightFt:6.67,count:1}])=20.01, explicitly asserted NOT equal to the quick-mode 20.","tests/engine/geometry.test.ts:31-35",""
"GEO-005","Geometry and paint aggregation","P0","implemented","not_run","","","detailedOpeningArea's reduce multiplies width*height*count once per opening entry (by code inspection this cannot double-apply count), but the only existing test (GEO-04) uses count:1. No test passes count=3 to confirm the count multiplier is applied exactly once at a count greater than 1.","src/engine/geometry.ts:17-19",""
"GEO-006","Geometry and paint aggregation","P0","implemented","passed","tests/engine/geometry.test.ts::GEO: room and surface geometry > GEO-08: opening area exactly equal to gross wall area -> valid zero net area","vitest 5 / Node (local engine tests)","netWallArea(100,100,true)={valid:true, area:0} — exact-equality boundary produces a valid zero, not an error.","tests/engine/geometry.test.ts:56-60",""
"GEO-007","Geometry and paint aggregation","P0","implemented","not_run","","","netWallArea(100,150,true)={valid:false} is tested (openings exceed gross by 50), proving the "">gross -> invalid"" rule generally, but not at the case's precise ""exceeds by exactly 0.01"" boundary. Same code path, untested at that exact decimal precision.","tests/engine/geometry.test.ts:49-54",""
"GEO-008","Geometry and paint aggregation","P0","implemented","not_run","","","No test uses fractional room dimensions (12.5 x 10 x 8). grossWallArea is a generic Decimal-based formula that computes 360 correctly by inspection (12.5+10)*2*8=360, but this exact input combination is unverified by any test.","src/engine/geometry.ts:5-7",""
"GEO-009","Geometry and paint aggregation","P0","implemented","passed","tests/domain/estimateAssembly.test.ts::Suggested-price mode reports real profit/margin at the effective price (regression)","vitest 5 / Node (local engine tests)","A standalone wall surface (roomId:null, measurementMode:""manual"", areaFt2:""400"") completes to a ""complete"" calculationState with no room entity present at all.","tests/domain/estimateAssembly.test.ts:114-132","Test uses area 400, not the case's 563; identical manual-standalone-surface mechanism (no room dimensions required)."
"GEO-010","Geometry and paint aggregation","P0","implemented","passed","tests/engine/estimate.test.ts::Disabled-surface independence (mutation check...) > a disabled surface contributes zero to demand, labor, and cost","vitest 5 / Node (local engine tests)","One enabled wall + one disabled ceiling (area 99999, would clearly break totals if counted) still yields the same purchase totals as the wall alone.","tests/engine/estimate.test.ts:102-111","Test disables the ceiling with the wall enabled (opposite pairing to the case's ""walls disabled, ceiling enabled""); the enable/disable filter itself is kind-agnostic (surfaces.filter(s=>s.enabled)), so the same mechanism is exercised regardless of which kind is disabled."
"GEO-011","Geometry and paint aggregation","P0","implemented","passed","tests/mutation/mutation.test.ts::MUTATION: ceil paint per room instead of per project; tests/engine/fixtures.test.ts::pool-same-product (paint)","vitest 5 / Node (local engine tests)","Two same-variant 1.2-gal demands pool to 2.4 raw gallons, ceiling ONCE to 3 purchased gallons (not 4, which per-room ceiling would wrongly produce).","tests/mutation/mutation.test.ts:82-92; tests/fixtures/acceptance-fixtures.json (id=pool-same-product)",""
"GEO-012","Geometry and paint aggregation","P0","implemented","passed","tests/mutation/mutation.test.ts::MUTATION: pool different colors; tests/engine/fixtures.test.ts::separate-colors (paint)","vitest 5 / Node (local engine tests)","White 1.2 gal + blue 1.2 gal purchase separately as 2+2=4 gallons total, never pooled into a wrongly-shared ceil(2.4)=3.","tests/mutation/mutation.test.ts:94-105; tests/fixtures/acceptance-fixtures.json (id=separate-colors)",""
"GEO-013","Geometry and paint aggregation","P0","implemented","passed","tests/property/paint.property.test.ts::PROPERTY 8: pooling inequality (same variant only) > never applies across different variants...","vitest 5 / Node (local engine tests)","aggregateRawDemandByVariant keys strictly on the paintVariantId string and never reads name/color/sheen — proven by the white/blue non-pooling assertion, which is the same code path a ""same name/color, different sheen ID"" pair would take.","tests/property/paint.property.test.ts:70-81","No fixture literally uses a same-name/color-different-sheen pair, but the aggregator has no code path that inspects anything but the variant ID, so the mechanism is provably identical."
"GEO-014","Geometry and paint aggregation","P0","missing","not_run","","","createSnapshot() deep-copies whatever paintVariants array it is given (structuredClone) with no duplicate-ID or conflicting-value check at all. Nothing in src/domain/snapshot.ts (or anywhere else searched) validates that a single variant ID maps to a single consistent set of values.","src/domain/snapshot.ts:14-32","No validation exists to reject a snapshot containing two conflicting records under the same variant ID; this looks unimplemented rather than merely untested."
"GEO-015","Geometry and paint aggregation","P0","implemented","not_run","","","No test exercises two same-variant surfaces with DIFFERENT coats (1 vs 3) pooling to a combined 4-gallon demand; rawDemandGal is coats-parameterized per surface by design (aggregateProjectSurfaces calls it once per surface with that surface's own coats), but this specific input combination is unverified.","src/engine/estimate.ts:104-110",""
"GEO-016","Geometry and paint aggregation","P0","implemented","not_run","","","No test exercises two same-variant surfaces with DIFFERENT waste ratios (0 and 0.2) pooling to a combined 2.2-gallon raw demand / 3-gallon purchase.","src/engine/estimate.ts:104-110",""
"GEO-017","Geometry and paint aggregation","P0","implemented","passed","tests/engine/fixtures.test.ts::exact-purchase-boundaries (paint)","vitest 5 / Node (local engine tests)","purchasedGallons(3) === 3 exactly (the ""exact"" demand in the exact-purchase-boundaries fixture).","tests/fixtures/acceptance-fixtures.json (id=exact-purchase-boundaries)",""
"GEO-018","Geometry and paint aggregation","P0","implemented","passed","tests/engine/fixtures.test.ts::exact-purchase-boundaries (paint); tests/mutation/mutation.test.ts::MUTATION: subtract an epsilon from all raw demands","vitest 5 / Node (local engine tests)","purchasedGallons(2.9999999999) === 3 — genuinely under 3, no epsilon leniency needed or applied.","tests/fixtures/acceptance-fixtures.json (id=exact-purchase-boundaries); tests/mutation/mutation.test.ts:107-115",""
"GEO-019","Geometry and paint aggregation","P0","implemented","passed","tests/engine/fixtures.test.ts::exact-purchase-boundaries (paint); tests/mutation/mutation.test.ts::MUTATION: subtract an epsilon from all raw demands","vitest 5 / Node (local engine tests)","purchasedGallons(3.0000000001) === 4; the mutation test proves a naive epsilon-subtraction hack would wrongly return 3, so the real implementation's exact-decimal comparison is confirmed.","tests/fixtures/acceptance-fixtures.json (id=exact-purchase-boundaries); tests/mutation/mutation.test.ts:107-115",""
"GEO-020","Geometry and paint aggregation","P0","implemented","not_run","","","purchasedGallons(0) = ceilDecimal(0) = 0 by formula inspection (no special-cased minimum-1-gallon floor exists anywhere in src/engine/paint.ts). PROPERTY 9's fast-check generator range (0 to 10,000,000) includes 0, but there is no deterministic assertion isolating the zero-demand case by itself.","src/engine/paint.ts:25-27; tests/property/paint.property.test.ts:83-93","No minimum-1-gallon floor exists in the code, consistent with the spec; not confirmed by a dedicated zero-demand assertion."
"GEO-021","Geometry and paint aggregation","P0","implemented","not_run","","","rawDemandGal(350,1,0,350) = 350*1*1/350 = 1 exactly, by formula inspection (Decimal arithmetic, no float noise). No test uses this precise area-equals-coverage input pair.","src/engine/paint.ts:5-7",""
"GEO-022","Geometry and paint aggregation","P0","implemented","passed","tests/engine/estimate.test.ts::PRO-001: independent wall vs ceiling paint variant in the same room > pools wall and ceiling demand SEPARATELY when they use different variants; tests/domain/estimateAssembly.test.ts::PRO-001 through the domain assembly: wall and ceiling in the SAME room use DIFFERENT variants","vitest 5 / Node (local engine tests)","Wall (paint-white) and ceiling (paint-blue) in the SAME room produce two separate purchase entries, each using its own coverage, coats, and price — pooling never crosses variant IDs.","tests/engine/estimate.test.ts:31-46; tests/domain/estimateAssembly.test.ts:35-64",""
"GEO-023","Geometry and paint aggregation","P0","implemented","passed","tests/engine/estimate.test.ts::Disabled-surface independence...; tests/domain/estimateAssembly.test.ts::Disabled surfaces never contribute (mutation check regression)","vitest 5 / Node (local engine tests)","A disabled surface with garbage geometry (widthFt:""garbage"") never blocks or pollutes an otherwise-valid project and reaches calculationState ""complete"" — disabled inputs are never validated at all.","tests/engine/estimate.test.ts:102-111; tests/domain/estimateAssembly.test.ts:95-112",""
"GEO-024","Geometry and paint aggregation","P0","implemented","passed","tests/engine/geometry.test.ts::GEO: room and surface geometry > GEO-09: trim paintable area = length * developed width...; tests/engine/fixtures.test.ts::trim-surface","vitest 5 / Node (local engine tests)","trimPaintableArea(100, 0.5) = 50, not 100 and not treated as ""100 doors.""","tests/engine/geometry.test.ts:62-64; tests/fixtures/acceptance-fixtures.json (id=trim-surface)",""
"GEO-025","Geometry and paint aggregation","P0","implemented","passed","tests/engine/geometry.test.ts::GEO: room and surface geometry > GEO-10: door paintable area scales with painted sides; tests/engine/fixtures.test.ts::door-two-faces","vitest 5 / Node (local engine tests)","doorPaintableArea(1,3,7,2) = 42 (edges/frame explicitly excluded from the formula).","tests/engine/geometry.test.ts:66-69; tests/fixtures/acceptance-fixtures.json (id=door-two-faces)",""
"GEO-026","Geometry and paint aggregation","P0","implemented","not_run","","","doorPaintableArea is a straight width*height*count*sides multiplication verified generically at count=1/sides=1&2 (GEO-10). The case's count=2/sides=1 combination (also =42) is not separately asserted by any test.","src/engine/geometry.ts:49-51",""
"GEO-027","Geometry and paint aggregation","P0","missing","not_run","","","No ""doorsToPaint"" (or equivalent asymmetric opening-deduction-vs-paint-count) concept exists anywhere in the codebase — grep for ""doorsToPaint"" across src/ returns zero matches. Room.quick.doorCount and Surface.doorCount are each used as a single uniform count for both opening deduction and paint-area computation; there is no way to deduct two door openings while painting only one door.","src/domain/entities.ts (Room.quick.doorCount; Surface.doorCount)","This asymmetric-count feature appears unimplemented, not merely untested."
"GEO-028","Geometry and paint aggregation","P0","implemented","not_run","","","aggregateProjectSurfaces sums each surface's independently-computed area/demand/hours via a plain reduce loop (no shared-dimension averaging anywhere). GEO-11 in geometry.test.ts proves two differently-sized doors compute distinct, non-averaged areas as standalone geometry calls, but no test sums two differently-sized door SURFACES through the project aggregator and checks the combined total.","src/engine/estimate.ts:104-121; tests/engine/geometry.test.ts:71-75",""
"GEO-029","Geometry and paint aggregation","P0","implemented","passed","tests/property/paint.property.test.ts::PROPERTY 6: project pooling is order-independent > any permutation of the same demand list yields identical totals per variant","vitest 5 / Node (local engine tests)","Reversing the order of a randomly-generated demand list (200 fast-check runs, fixed seed 20260914) produces identical per-variant pooled totals every time.","tests/property/paint.property.test.ts:15-38",""
"GEO-030","Geometry and paint aggregation","P0","implemented","passed","tests/property/paint.property.test.ts::PROPERTY 7: same-variant split invariance; PROPERTY 8: pooling inequality (same variant only)","vitest 5 / Node (local engine tests)","Splitting one raw-demand total across two same-variant surfaces yields the identical pooled raw total as one combined surface (PROPERTY 7); ceiling is applied exactly once on the pooled total, never per-piece (PROPERTY 8: sum of individual ceilings >= ceiling of the sum).","tests/property/paint.property.test.ts:40-56,58-68",""
"BOUND-001","Boundary matrix","P0","implemented","not_run","","","InteriorCalculator.tsx validates coats via parseCountField(coats,{min:1,max:5}); 1 is within range and accepted. No automated test exercises this React component (this project has no component-test infrastructure, per IMPLEMENTATION_DECISIONS.md).","src/components/tools/InteriorCalculator.tsx:34,45","The Pro app's domain layer (estimateAssembly.ts resolveSurface) enforces only ""coats<1 -> invalid"" — it has NO upper bound of 5 at all, unlike the free tool. See BOUND-003/004/005 for confirmed Pro-app coats bugs found during this audit."
"BOUND-002","Boundary matrix","P0","implemented","not_run","","","InteriorCalculator.tsx's parseCountField(coats,{min:1,max:5}) accepts 5 (upper bound inclusive). Untested by any automated test (no component-test infra).","src/components/tools/InteriorCalculator.tsx:34,45",""
"BOUND-003","Boundary matrix","P0","partial","failed","Manual code trace: ProApp.tsx surface coats onChange handler","manual code inspection (source read; no automated test)","In the Pro app, the per-surface Coats field handler is `onChange={(v) => onPatch({ coats: v.trim() === """" ? null : Number.parseInt(v, 10) || 1 })}`. Entering ""0"" yields Number.parseInt(""0"",10)=0, and `0 || 1` evaluates to 1 because 0 is falsy in JS — so coats=0 is SILENTLY COERCED to 1 rather than being rejected as invalid. The free InteriorCalculator tool correctly rejects 0 via parseCountField({min:1,max:5}).","src/components/tools/pro/ProApp.tsx:741,787","Confirmed defect found during this audit, not previously flagged in BUG_FIX_LOG.md: the Pro app never surfaces a validation error for coats=0, it just silently defaults to 1. The free tool implements this boundary correctly; the Pro app does not."
"BOUND-004","Boundary matrix","P0","partial","failed","Manual code trace: ProApp.tsx surface coats onChange handler; src/domain/estimateAssembly.ts resolveSurface","manual code inspection (source read; no automated test)","Entering ""6"" in the Pro app's Coats field yields Number.parseInt(""6"",10)||1 = 6 (no upper-bound rejection in the UI handler), and resolveSurface() in the domain layer only checks `coats < 1`, never an upper bound — so coats=6 is SILENTLY ACCEPTED by the Pro app, contradicting the expected ""rejected as out of range."" The free InteriorCalculator tool correctly rejects 6 via parseCountField({min:1,max:5}).","src/components/tools/pro/ProApp.tsx:741,787; src/domain/estimateAssembly.ts:81-82","Confirmed defect found during this audit: no upper bound on coats exists anywhere in the Pro app's domain or UI layers."
"BOUND-005","Boundary matrix","P0","partial","failed","Manual code trace: ProApp.tsx surface coats onChange handler; tests/engine/parse.test.ts::CORE-parse-count (contrast)","manual code inspection (source read; no automated test)","Entering ""1.5"" in the Pro app's Coats field yields Number.parseInt(""1.5"",10)||1 = 1 — the fractional value is SILENTLY TRUNCATED rather than rejected, directly contradicting ""do not truncate."" The free InteriorCalculator tool correctly rejects ""1.5"" via parseCountField's /^\d+$/ regex (proven generically by parse.test.ts::CORE-parse-count using ""3.5"").","src/components/tools/pro/ProApp.tsx:741,787","Confirmed defect found during this audit: the Pro app truncates fractional coats input instead of rejecting it, unlike the free tool."
"BOUND-006","Boundary matrix","P0","implemented","not_run","","","requiredPriceRaw() throws only when targetMarginRatio>=1 or <0; 0 satisfies neither guard and is accepted. No test evaluates target=0 directly (see also CORE-019, which needs the same case).","src/engine/pricing.ts:13-21",""
"BOUND-007","Boundary matrix","P0","implemented","not_run","","","requiredPriceRaw() accepts 0.999 (< 1) via the same guard as BOUND-006. Untested at this exact value.","src/engine/pricing.ts:13-21",""
"BOUND-008","Boundary matrix","P0","implemented","passed","tests/engine/pricing.test.ts::CORE pricing: status boundaries > CORE-price-04 (BOUND V04): target ratio negative throws","vitest 5 / Node (local engine tests)","requiredPriceRaw(100, -0.1) throws. The same `targetMarginRatio.lessThan(0)` guard also throws for -0.001 (any negative value is unconditionally rejected).","tests/engine/pricing.test.ts:30-32","Test literal value is -0.1, not the case's -0.001; same guard condition, not the exact near-zero boundary value."
"BOUND-009","Boundary matrix","P0","implemented","passed","tests/engine/pricing.test.ts::CORE pricing: status boundaries > CORE-price-03 (BOUND V04): target ratio of 1 throws rather than silently dividing by zero","vitest 5 / Node (local engine tests)","requiredPriceRaw(100, 1) throws — exact value match to the case.","tests/engine/pricing.test.ts:26-28",""
"BOUND-010","Boundary matrix","P0","partial","not_run","","","overheadAmount(directCost, overheadRatio) = directCost * overheadRatio has no range guard at all; a ratio of 0 flows through unrejected. This reflects a total absence of validation rather than a deliberate ""accept 0"" rule.","src/engine/cost.ts:43-45",""
"BOUND-011","Boundary matrix","P0","partial","not_run","","","overheadAmount() has no upper-bound guard; a ratio of 1 (100% overhead) flows through unrejected, consistent with the separate COST-019 case (outside this audit's scope) which explicitly treats overheadRatio=1 as ""unusual, not invalid.""","src/engine/cost.ts:43-45",""
"BOUND-012","Boundary matrix","P0","missing","not_run","","","No code path anywhere rejects a negative overheadRatio; overheadAmount(directCost, -0.001) would silently compute a negative overhead amount with no error or warning.","src/engine/cost.ts:43-45","Genuine implementation gap: the spec's lower-bound rejection for overheadRatio is not enforced anywhere in the codebase."
"BOUND-013","Boundary matrix","P0","missing","not_run","","","No upper-bound guard exists for overheadRatio anywhere; a value of 1.001 would silently compute overhead greater than direct cost with no rejection or warning.","src/engine/cost.ts:43-45","Genuine implementation gap, same class as BOUND-012."
"BOUND-014","Boundary matrix","P0","partial","not_run","","","rawDemandGal() multiplies by (1+wasteRatio) with no range guard at all; wasteRatio=0 passes through unrejected.","src/engine/paint.ts:5-7",""
"BOUND-015","Boundary matrix","P0","partial","not_run","","","rawDemandGal() has no upper-bound guard; wasteRatio=1 (100% waste) passes through unrejected.","src/engine/paint.ts:5-7",""
"BOUND-016","Boundary matrix","P0","missing","not_run","","","No negative-wasteRatio guard exists anywhere; a value of -0.001 would silently REDUCE paint demand below the coats-only baseline (1+(-0.001)<1), with no rejection.","src/engine/paint.ts:5-7","Genuine implementation gap."
"BOUND-017","Boundary matrix","P0","missing","not_run","","","No upper-bound guard on wasteRatio exists anywhere; a value of 1.001 would be silently accepted.","src/engine/paint.ts:5-7","Genuine implementation gap."
"BOUND-018","Boundary matrix","P0","implemented","not_run","","","roomDerivedGeometry() in estimateAssembly.ts only requires length/width/height greater than 0 (no lower floor of exactly 0.001); 0.001 qualifies as accepted. Untested at this exact value.","src/domain/estimateAssembly.ts:44-49",""
"BOUND-019","Boundary matrix","P0","implemented","not_run","","","No upper bound of 100,000 is enforced on room dimensions; 100,000 is accepted trivially because nothing rejects it.","src/domain/estimateAssembly.ts:44-49",""
"BOUND-020","Boundary matrix","P0","implemented","not_run","","","`!length.value.greaterThan(0)` marks a room dimension of exactly 0 as invalid. Untested at this exact value (all existing tests use positive dimensions).","src/domain/estimateAssembly.ts:44-49",""
"BOUND-021","Boundary matrix","P0","missing","not_run","","","No upper bound of 100,000 is enforced anywhere on room dimensions; a value of 100000.001 (or any larger number) would be SILENTLY ACCEPTED, contradicting the expected rejection.","src/domain/estimateAssembly.ts:44-49","Genuine implementation gap: the spec's documented upper bound for roomDimensionFt is not wired to any validation."
"BOUND-022","Boundary matrix","P0","implemented","not_run","","","The manual-area branch of resolveSurface() only requires areaField.value.greaterThan(0); 0.001 qualifies as accepted. Untested at this exact value.","src/domain/estimateAssembly.ts:101-104",""
"BOUND-023","Boundary matrix","P0","implemented","not_run","","","No upper bound of 1,000,000,000 is enforced on manual area; 1e9 is accepted trivially because nothing rejects it.","src/domain/estimateAssembly.ts:101-104",""
"BOUND-024","Boundary matrix","P0","implemented","not_run","","","The >0 check marks manualAreaFt2=0 as invalid. Untested at this exact value.","src/domain/estimateAssembly.ts:101-104",""
"BOUND-025","Boundary matrix","P0","missing","not_run","","","No upper bound of 1,000,000,000 is enforced on manual area anywhere. A MAX_MONETARY_INPUT constant of exactly this value exists in parse.ts but is never referenced by any area-validation code path (confirmed by grep — zero usages outside its own declaration).","src/engine/parse.ts:105 (unused constant); src/domain/estimateAssembly.ts:101-104","Genuine implementation gap: MAX_MONETARY_INPUT is dead code, not wired to manualAreaFt2 or any other field."
"BOUND-026","Boundary matrix","P0","partial","failed","Manual code trace: src/domain/estimateAssembly.ts trim branch of resolveSurface()","manual code inspection (source read; no automated test)","The trim branch requires `lengthField.value.greaterThan(0)`, so a trimLengthFt of exactly 0 is marked INVALID (the whole surface fails), not accepted as a legitimate (if useless) field value the way the boundary matrix expects (""accepted at field validation; zero-count project can still fail issue gate separately"").","src/domain/estimateAssembly.ts:107-111","The domain code conflates ""field acceptable"" with ""greater than zero"" for trim length, rejecting the exact value the spec says should pass field-level validation (and only later fail, if at all, at the project/issue-gate level). Same class of mismatch as BOUND-030's doorCount=0."
"BOUND-027","Boundary matrix","P0","implemented","not_run","","","No upper bound of 1,000,000 is enforced beyond the >0 check, so trimLengthFt=1,000,000 passes trivially.","src/domain/estimateAssembly.ts:107-111",""
"BOUND-028","Boundary matrix","P0","implemented","not_run","","","The >0 check rejects any negative value including -0.001 as invalid. Untested at this exact value.","src/domain/estimateAssembly.ts:107-111",""
"BOUND-029","Boundary matrix","P0","missing","not_run","","","No upper bound of 1,000,000 is enforced anywhere for trim length; a value of 1000000.001 would be silently accepted.","src/domain/estimateAssembly.ts:107-111","Genuine implementation gap."
"BOUND-030","Boundary matrix","P0","partial","not_run","","","InteriorCalculator.tsx's free-tool door-OPENING count uses parseCountField(doorCount,{min:0}), which accepts 0 (matches the spec). No component test exercises this. NOTE: the Pro app's standalone door SURFACE uses a different field (Surface.doorCount) whose domain check is `s.doorCount < 1 -> invalid`, i.e. it REJECTS 0 there — the matrix's single generic ""doorCount"" label maps onto two different real fields in this codebase with two different accept rules.","src/components/tools/InteriorCalculator.tsx:32; src/domain/estimateAssembly.ts:113-114","Ambiguous mapping: the free tool's opening-count field matches the spec; the Pro app's door-surface count field does not (0 doors is not a valid door surface there, which is arguably reasonable product behavior, not obviously a bug)."
"BOUND-031","Boundary matrix","P0","implemented","not_run","","","The free tool's parseCountField call for doorCount passes no max option, so 100,000 is accepted trivially (no real cap exists).","src/components/tools/InteriorCalculator.tsx:32",""
"BOUND-032","Boundary matrix","P0","implemented","not_run","","","parseCountField's regex requires /^\d+$/ with no sign character permitted at all, so ""-1"" is rejected as a malformed integer before the {min:0} option is even consulted. Untested directly with this field, though the same regex is tested generically (CORE-parse-count with ""-1"").","src/engine/parse.ts:87-90; tests/engine/parse.test.ts:88",""
"BOUND-033","Boundary matrix","P0","missing","not_run","","","No max option is passed to parseCountField for the doorCount field, so 100,001 would be silently accepted, contradicting the expected rejection.","src/components/tools/InteriorCalculator.tsx:32","Genuine implementation gap: no upper cap of 100,000 is wired to this field."
"BOUND-034","Boundary matrix","P0","implemented","passed","tests/engine/parse.test.ts::CORE-parse: missing vs invalid vs valid-zero > CORE-parse-count: whole numbers only, with min/max","vitest 5 / Node (local engine tests)","parseCountField(""3.5"").kind === ""invalid"" — the shared /^\d+$/ regex used by every count-typed field (including doorCount) rejects any fractional value outright.","tests/engine/parse.test.ts:85-91","Test literal value is 3.5, not the case's 1.5; parseCountField is the single shared implementation for all integer-count fields, so the mechanism is identical."
"BOUND-035","Boundary matrix","P0","missing","not_run","","","estimateAssembly.ts sums revision.additionalLabor lines via `new PEP(l.hours)` directly, with NO parsing or validation step at all before use. A grep across ProApp.tsx found no add/edit UI that lets a user actually create an additionalLabor line — the feature exists only in the domain data model (always initialized to []).","src/domain/estimateAssembly.ts:182","This looks like an unimplemented/unexposed feature rather than merely an untested one: there is no UI path to enter an hours value at all, let alone validate its bounds."
"BOUND-036","Boundary matrix","P0","missing","not_run","","","Same gap as BOUND-035: no validation or UI exists for additionalLabor hours, so no bound of any kind (including an upper one of 1,000,000) is enforced.","src/domain/estimateAssembly.ts:182",""
"BOUND-037","Boundary matrix","P0","missing","not_run","","","No negative-hours guard exists anywhere before summing additionalLabor lines; a negative value would silently REDUCE total labor cost with no rejection.","src/domain/estimateAssembly.ts:182","Genuine implementation gap."
"BOUND-038","Boundary matrix","P0","missing","not_run","","","No upper bound on hours is enforced anywhere.","src/domain/estimateAssembly.ts:182","Genuine implementation gap, same class as BOUND-037."
"BOUND-039","Boundary matrix","P0","implemented","passed","tests/engine/parse.test.ts::CORE-parse: missing vs invalid vs valid-zero > CORE-parse-02: explicit ""0"" is valid-zero, distinct from missing","vitest 5 / Node (local engine tests)","parseDecimalField(""0"") returns {kind:""valid"", value:0} — an explicit monetary zero is accepted and distinguished from a missing field.","tests/engine/parse.test.ts:15-19",""
"BOUND-040","Boundary matrix","P0","missing","not_run","","","MAX_MONETARY_INPUT (1,000,000,000) is declared in parse.ts but a grep across all of src/ found zero references to it outside its own declaration line — no money field actually enforces this ceiling. The value passes through unchecked, which superficially matches ""accepted"" but not because of any real bound check.","src/engine/parse.ts:105","MAX_MONETARY_INPUT is dead code."
"BOUND-041","Boundary matrix","P0","implemented","passed","tests/engine/parse.test.ts::CORE-parse: missing vs invalid vs valid-zero > BOUND-grammar-reject: negative when not allowed","vitest 5 / Node (local engine tests)","parseDecimalField(""-5"") without allowNegative returns {kind:""invalid""}. Every money field observed in the domain layer (e.g. estimateAssembly.ts's customPriceField) omits allowNegative, so this default rejects any negative amount including -0.01 via the identical code path.","tests/engine/parse.test.ts:60-62; src/domain/estimateAssembly.ts:194","Rejection comes from the generic non-negative default, not a dedicated ""moneyAmount"" bound; test literal is -5, not -0.01, but same flag/branch."
"BOUND-042","Boundary matrix","P0","missing","not_run","","","As with BOUND-040, MAX_MONETARY_INPUT is unused dead code; no field anywhere rejects an over-the-cap monetary value such as 1000000000.01.","src/engine/parse.ts:105",""
"BOUND-043","Boundary matrix","P0","implemented","not_run","","","isPositiveDivisor(value) accepts anything >= MIN_POSITIVE_DIVISOR (1e-9), so 0.001 is comfortably accepted. The existing test only checks exactly MIN_POSITIVE_DIVISOR (1e-9) and 150, not 0.001.","src/engine/parse.ts:104,109-111; tests/engine/parse.test.ts:93-98","Note: the code's actual floor (1e-9) is far more permissive than the case's documented minimum of 0.001 — a throughput as small as 0.00001 would be accepted by the code even though the spec's boundary table implies it should be rejected below 0.001."
"BOUND-044","Boundary matrix","P0","implemented","not_run","","","No upper bound is enforced on throughput anywhere; 1,000,000 passes trivially through isPositiveDivisor (which only checks a floor, not a ceiling).","src/engine/parse.ts:109-111",""
"BOUND-045","Boundary matrix","P0","implemented","passed","tests/engine/parse.test.ts::CORE-parse: missing vs invalid vs valid-zero > BOUND-divisor: extraordinarily small positive divisor is rejected, not silently accepted","vitest 5 / Node (local engine tests)","isPositiveDivisor(new PEP(""0"")) === false — a zero throughput/divisor is directly and exactly proven to be rejected.","tests/engine/parse.test.ts:93-98",""
"BOUND-046","Boundary matrix","P0","missing","not_run","","","No upper bound of 1,000,000 is enforced on throughput anywhere; a value of 1000000.001 would be silently accepted.","src/engine/parse.ts:109-111","Genuine implementation gap."
"BOUND-047","Boundary matrix","P0","partial","not_run","","","There is no literal ""room count"" input field anywhere — rooms are a plain array added/removed one at a time. An empty rooms array does not itself block a project (standalone surfaces with roomId:null work fine with zero rooms), so the observable outcome matches ""accepted,"" but there is no dedicated count field or validation producing that outcome deliberately.","tests/domain/estimateAssembly.test.ts:67-93 (Standalone surfaces with no room)",""
"BOUND-048","Boundary matrix","P0","missing","not_run","","","No maximum room count of 500 is enforced anywhere in the codebase (grep for ""500"" relevant to this found nothing). Per IMPLEMENTATION_DECISIONS.md #9, aggregate/display limits beyond individual field bounds were explicitly left unimplemented as an acknowledged, documented gap.","IMPLEMENTATION_DECISIONS.md #9","Documented, acknowledged gap in the project's own decision log, not merely an oversight found during this audit."
"BOUND-049","Boundary matrix","P0","missing","not_run","","","There is no numeric ""room count"" field a user could ever set to -1 — rooms are a plain array manipulated via add/remove UI actions. This boundary case does not map onto any real input in the current implementation.","","Not applicable to the current UI/data model as built."
"BOUND-050","Boundary matrix","P0","missing","not_run","","","No cap of 500 rooms is enforced anywhere (same documented gap as BOUND-048; IMPLEMENTATION_DECISIONS.md #9).","IMPLEMENTATION_DECISIONS.md #9",""
"BOUND-051","Boundary matrix","P0","missing","not_run","","","No numeric room-count field exists to which a fractional-rejection rule (1.5) could even apply.","","Not applicable to the current UI/data model as built."
"BOUND-052","Boundary matrix","P0","missing","not_run","","","Surfaces are a plain array manipulated via add/remove UI actions, not a numeric count field. No maximum-surface-count guard exists anywhere in the codebase (grep for 2000/2001 across src/ found no matches related to a surface cap). Same documented gap as IMPLEMENTATION_DECISIONS.md #9.","IMPLEMENTATION_DECISIONS.md #9",""
"BOUND-053","Boundary matrix","P0","missing","not_run","","","No maximum surface count is enforced anywhere; 2,000 surfaces would be accepted only because nothing checks the count at all.","IMPLEMENTATION_DECISIONS.md #9",""
"BOUND-054","Boundary matrix","P0","missing","not_run","","","No numeric ""surface count"" field exists that could be set to -1; surfaces are added/removed individually.","","Not applicable to the current UI/data model as built."
"BOUND-055","Boundary matrix","P0","missing","not_run","","","No cap of 2,000 surfaces is enforced anywhere (same documented gap as BOUND-053).","IMPLEMENTATION_DECISIONS.md #9",""
"BOUND-056","Boundary matrix","P0","missing","not_run","","","No numeric surface-count field exists to which a fractional-rejection rule (1.5) could even apply.","","Not applicable to the current UI/data model as built."
"BOUND-057","Boundary matrix","P0","missing","not_run","","","Free-template document lines are a plain array manipulated via add/remove row actions in EstimateTemplate.tsx, not a numeric count field. No maximum-line-count guard exists anywhere (grep for a line-count cap found nothing).","src/components/tools/EstimateTemplate.tsx",""
"BOUND-058","Boundary matrix","P0","missing","not_run","","","No maximum document-line-count of 2,000 is enforced anywhere; a document with 2,000 lines would be accepted only because nothing checks the count.","src/components/tools/EstimateTemplate.tsx",""
"BOUND-059","Boundary matrix","P0","missing","not_run","","","No numeric ""document line count"" field exists that could be set to -1; lines are added/removed individually via row actions.","","Not applicable to the current UI/data model as built."
"BOUND-060","Boundary matrix","P0","missing","not_run","","","No cap of 2,000 document lines is enforced anywhere (same gap as BOUND-058).","src/components/tools/EstimateTemplate.tsx",""
"BOUND-061","Boundary matrix","P0","missing","not_run","","","No numeric document-line-count field exists to which a fractional-rejection rule (1.5) could even apply.","","Not applicable to the current UI/data model as built."
